order_no,user_code,user_name,gender,province,city,district,user_tag,spending_tier,order_type,payment_status,placed_at,paid_at,total_amount,total_quantity,sku,product_name,category,unit_price,item_quantity,item_amount
ORD-20260223174559-00001,U962592,用户2592,M,浙江省,宁波市,鄞州区,RETURNING,L1,GROUP,PAID,2025-12-23 12:43:07,2025-12-23 14:30:07,622.86,3,SKU-1002,蓝牙音箱,数码,207.62,3,622.86
ORD-20260223174559-00002,U136950,用户6950,M,浙江省,宁波市,江北区,RETURNING,L2,GROUP,PAID,2025-11-27 21:42:29,2025-11-28 00:06:29,592.89,6,SKU-4001,坚果礼盒,食品,75.88,3,227.64
ORD-20260223174559-00002,U136950,用户6950,M,浙江省,宁波市,江北区,RETURNING,L2,GROUP,PAID,2025-11-27 21:42:29,2025-11-28 00:06:29,592.89,6,SKU-3002,面膜套装,美妆,121.75,3,365.25
ORD-20260223174559-00003,U828478,用户8478,F,浙江省,宁波市,鄞州区,RETURNING,L2,NORMAL,PAID,2026-01-02 00:20:29,2026-01-02 02:38:29,1117.68,4,SKU-4001,坚果礼盒,食品,84.18,2,168.36
ORD-20260223174559-00003,U828478,用户8478,F,浙江省,宁波市,鄞州区,RETURNING,L2,NORMAL,PAID,2026-01-02 00:20:29,2026-01-02 02:38:29,1117.68,4,SKU-1003,智能手表,数码,474.66,2,949.32
ORD-20260223174559-00004,U329546,用户9546,M,江苏省,苏州市,吴中区,RETURNING,L2,NORMAL,PAID,2025-12-28 13:31:24,2025-12-28 14:06:24,1069.14,5,SKU-2001,电热水壶,家居,147.80,1,147.80
ORD-20260223174559-00004,U329546,用户9546,M,江苏省,苏州市,吴中区,RETURNING,L2,NORMAL,PAID,2025-12-28 13:31:24,2025-12-28 14:06:24,1069.14,5,SKU-1001,无线耳机,数码,351.51,2,703.02
ORD-20260223174559-00004,U329546,用户9546,M,江苏省,苏州市,吴中区,RETURNING,L2,NORMAL,PAID,2025-12-28 13:31:24,2025-12-28 14:06:24,1069.14,5,SKU-4002,咖啡豆,食品,109.16,2,218.32
ORD-20260223174559-00005,U657164,用户7164,M,广东省,深圳市,福田区,RETURNING,L3,NORMAL,PAID,2026-02-14 03:22:03,2026-02-14 06:21:03,259.70,2,SKU-3002,面膜套装,美妆,129.85,2,259.70
ORD-20260223174559-00006,U624823,用户4823,F,广东省,深圳市,福田区,NEW,L2,NORMAL,PAID,2026-02-01 08:24:27,2026-02-01 10:23:27,231.51,3,SKU-4001,坚果礼盒,食品,77.17,3,231.51
ORD-20260223174559-00007,U253668,用户3668,M,四川省,绵阳市,安州区,RETURNING,L1,NORMAL,PLACED,2026-01-14 07:37:57,,494.61,6,SKU-4001,坚果礼盒,食品,74.12,3,222.36
ORD-20260223174559-00007,U253668,用户3668,M,四川省,绵阳市,安州区,RETURNING,L1,NORMAL,PLACED,2026-01-14 07:37:57,,494.61,6,SKU-4001,坚果礼盒,食品,90.75,3,272.25
ORD-20260223174559-00008,U728431,用户8431,M,江苏省,苏州市,工业园区,RETURNING,L2,NORMAL,PAID,2026-02-12 19:32:54,2026-02-12 21:49:54,1554.30,6,SKU-1002,蓝牙音箱,数码,198.21,2,396.42
ORD-20260223174559-00008,U728431,用户8431,M,江苏省,苏州市,工业园区,RETURNING,L2,NORMAL,PAID,2026-02-12 19:32:54,2026-02-12 21:49:54,1554.30,6,SKU-1003,智能手表,数码,489.22,2,978.44
ORD-20260223174559-00008,U728431,用户8431,M,江苏省,苏州市,工业园区,RETURNING,L2,NORMAL,PAID,2026-02-12 19:32:54,2026-02-12 21:49:54,1554.30,6,SKU-3001,洁面乳,美妆,89.72,2,179.44
ORD-20260223174559-00009,U136009,用户6009,F,四川省,成都市,武侯区,RETURNING,L1,NORMAL,PAID,2026-01-06 19:49:13,2026-01-06 21:08:13,1242.60,3,SKU-2002,空气炸锅,家居,414.20,3,1242.60
ORD-20260223174559-00010,U422550,用户2550,F,广东省,深圳市,福田区,RETURNING,L1,GROUP,PAID,2026-01-03 16:24:13,2026-01-03 17:30:13,2073.34,7,SKU-1003,智能手表,数码,447.16,4,1788.64
ORD-20260223174559-00010,U422550,用户2550,F,广东省,深圳市,福田区,RETURNING,L1,GROUP,PAID,2026-01-03 16:24:13,2026-01-03 17:30:13,2073.34,7,SKU-3001,洁面乳,美妆,94.90,3,284.70
ORD-20260223174559-00011,U451559,用户1559,M,江苏省,苏州市,吴中区,NEW,L3,GROUP,PAID,2025-12-14 07:20:59,2025-12-14 08:14:59,1710.11,9,SKU-4001,坚果礼盒,食品,79.73,2,159.46
ORD-20260223174559-00011,U451559,用户1559,M,江苏省,苏州市,吴中区,NEW,L3,GROUP,PAID,2025-12-14 07:20:59,2025-12-14 08:14:59,1710.11,9,SKU-1001,无线耳机,数码,327.28,4,1309.12
ORD-20260223174559-00011,U451559,用户1559,M,江苏省,苏州市,吴中区,NEW,L3,GROUP,PAID,2025-12-14 07:20:59,2025-12-14 08:14:59,1710.11,9,SKU-4001,坚果礼盒,食品,80.51,3,241.53
ORD-20260223174559-00012,U988912,用户8912,M,广东省,广州市,白云区,NEW,L2,GROUP,PAID,2026-02-22 18:36:16,2026-02-22 21:25:16,1688.43,7,SKU-3001,洁面乳,美妆,96.43,1,96.43
ORD-20260223174559-00012,U988912,用户8912,M,广东省,广州市,白云区,NEW,L2,GROUP,PAID,2026-02-22 18:36:16,2026-02-22 21:25:16,1688.43,7,SKU-1001,无线耳机,数码,279.61,4,1118.44
ORD-20260223174559-00012,U988912,用户8912,M,广东省,广州市,白云区,NEW,L2,GROUP,PAID,2026-02-22 18:36:16,2026-02-22 21:25:16,1688.43,7,SKU-1002,蓝牙音箱,数码,236.78,2,473.56
ORD-20260223174559-00013,U380917,用户0917,F,北京市,北京市,通州区,NEW,L1,GROUP,PAID,2026-02-19 02:44:34,2026-02-19 05:08:34,131.35,1,SKU-2001,电热水壶,家居,131.35,1,131.35
ORD-20260223174559-00014,U952119,用户2119,F,江苏省,南京市,玄武区,RETURNING,L2,NORMAL,PAID,2026-01-18 08:55:47,2026-01-18 10:01:47,3091.65,6,SKU-2002,空气炸锅,家居,461.28,3,1383.84
ORD-20260223174559-00014,U952119,用户2119,F,江苏省,南京市,玄武区,RETURNING,L2,NORMAL,PAID,2026-01-18 08:55:47,2026-01-18 10:01:47,3091.65,6,SKU-1003,智能手表,数码,569.27,3,1707.81
ORD-20260223174559-00015,U876437,用户6437,M,浙江省,宁波市,海曙区,RETURNING,L3,GROUP,PAID,2026-01-16 06:53:24,2026-01-16 08:19:24,1965.56,9,SKU-4001,坚果礼盒,食品,89.24,3,267.72
ORD-20260223174559-00015,U876437,用户6437,M,浙江省,宁波市,海曙区,RETURNING,L3,GROUP,PAID,2026-01-16 06:53:24,2026-01-16 08:19:24,1965.56,9,SKU-2002,空气炸锅,家居,441.84,2,883.68
ORD-20260223174559-00015,U876437,用户6437,M,浙江省,宁波市,海曙区,RETURNING,L3,GROUP,PAID,2026-01-16 06:53:24,2026-01-16 08:19:24,1965.56,9,SKU-1002,蓝牙音箱,数码,203.54,4,814.16
ORD-20260223174559-00016,U847385,用户7385,M,浙江省,宁波市,海曙区,RETURNING,L2,GROUP,PAID,2025-12-01 00:13:18,2025-12-01 00:14:18,1531.38,3,SKU-1003,智能手表,数码,510.46,3,1531.38
ORD-20260223174559-00017,U273413,用户3413,F,四川省,绵阳市,游仙区,RETURNING,L2,NORMAL,PAID,2025-12-30 17:40:51,2025-12-30 17:46:51,206.40,2,SKU-3001,洁面乳,美妆,103.20,2,206.40
ORD-20260223174559-00018,U603690,用户3690,M,广东省,深圳市,福田区,NEW,L1,GROUP,PAID,2025-12-19 20:20:42,2025-12-19 22:00:42,1348.28,4,SKU-1001,无线耳机,数码,337.07,4,1348.28
ORD-20260223174559-00019,U147779,用户7779,F,四川省,成都市,锦江区,RETURNING,L1,GROUP,PAID,2026-01-06 08:22:22,2026-01-06 08:34:22,448.89,3,SKU-3002,面膜套装,美妆,149.63,3,448.89
ORD-20260223174559-00020,U314435,用户4435,F,江苏省,南京市,玄武区,RETURNING,L1,GROUP,PAID,2026-01-26 02:02:48,2026-01-26 03:35:48,76.41,1,SKU-4001,坚果礼盒,食品,76.41,1,76.41
ORD-20260223174559-00021,U537584,用户7584,F,北京市,北京市,通州区,RETURNING,L2,NORMAL,PAID,2025-12-21 07:54:06,2025-12-21 09:15:06,1453.83,8,SKU-3002,面膜套装,美妆,133.48,3,400.44
ORD-20260223174559-00021,U537584,用户7584,F,北京市,北京市,通州区,RETURNING,L2,NORMAL,PAID,2025-12-21 07:54:06,2025-12-21 09:15:06,1453.83,8,SKU-4002,咖啡豆,食品,113.91,2,227.82
ORD-20260223174559-00021,U537584,用户7584,F,北京市,北京市,通州区,RETURNING,L2,NORMAL,PAID,2025-12-21 07:54:06,2025-12-21 09:15:06,1453.83,8,SKU-1001,无线耳机,数码,275.19,3,825.57
ORD-20260223174559-00022,U453122,用户3122,F,北京市,北京市,朝阳区,RETURNING,L1,GROUP,PAID,2025-11-28 00:21:42,2025-11-28 01:31:42,1175.14,2,SKU-1003,智能手表,数码,587.57,2,1175.14
ORD-20260223174559-00023,U448183,用户8183,M,北京市,北京市,海淀区,RETURNING,L1,GROUP,PAID,2025-11-25 12:19:24,2025-11-25 13:34:24,614.75,5,SKU-4001,坚果礼盒,食品,71.40,4,285.60
ORD-20260223174559-00023,U448183,用户8183,M,北京市,北京市,海淀区,RETURNING,L1,GROUP,PAID,2025-11-25 12:19:24,2025-11-25 13:34:24,614.75,5,SKU-1001,无线耳机,数码,329.15,1,329.15
ORD-20260223174559-00024,U139059,用户9059,M,江苏省,南京市,建邺区,RETURNING,L3,GROUP,PLACED,2025-12-19 06:34:35,,327.95,1,SKU-1001,无线耳机,数码,327.95,1,327.95
ORD-20260223174559-00025,U126787,用户6787,F,四川省,绵阳市,游仙区,RETURNING,L2,NORMAL,PAID,2025-12-06 07:20:34,2025-12-06 08:23:34,616.37,4,SKU-1002,蓝牙音箱,数码,255.20,1,255.20
ORD-20260223174559-00025,U126787,用户6787,F,四川省,绵阳市,游仙区,RETURNING,L2,NORMAL,PAID,2025-12-06 07:20:34,2025-12-06 08:23:34,616.37,4,SKU-3002,面膜套装,美妆,120.39,3,361.17
ORD-20260223174559-00026,U582873,用户2873,M,浙江省,宁波市,江北区,NEW,L2,GROUP,PLACED,2025-12-11 08:10:26,,2672.91,10,SKU-2001,电热水壶,家居,124.84,3,374.52
ORD-20260223174559-00026,U582873,用户2873,M,浙江省,宁波市,江北区,NEW,L2,GROUP,PLACED,2025-12-11 08:10:26,,2672.91,10,SKU-2001,电热水壶,家居,142.05,3,426.15
ORD-20260223174559-00026,U582873,用户2873,M,浙江省,宁波市,江北区,NEW,L2,GROUP,PLACED,2025-12-11 08:10:26,,2672.91,10,SKU-1003,智能手表,数码,468.06,4,1872.24
ORD-20260223174559-00027,U855750,用户5750,M,四川省,绵阳市,涪城区,NEW,L3,GROUP,PAID,2026-02-10 17:26:17,2026-02-10 19:42:17,424.62,3,SKU-1002,蓝牙音箱,数码,218.49,1,218.49
ORD-20260223174559-00027,U855750,用户5750,M,四川省,绵阳市,涪城区,NEW,L3,GROUP,PAID,2026-02-10 17:26:17,2026-02-10 19:42:17,424.62,3,SKU-4001,坚果礼盒,食品,75.97,1,75.97
ORD-20260223174559-00027,U855750,用户5750,M,四川省,绵阳市,涪城区,NEW,L3,GROUP,PAID,2026-02-10 17:26:17,2026-02-10 19:42:17,424.62,3,SKU-3002,面膜套装,美妆,130.16,1,130.16
ORD-20260223174559-00028,U184823,用户4823,M,北京市,北京市,通州区,RETURNING,L1,NORMAL,PAID,2025-12-17 03:20:02,2025-12-17 04:38:02,780.51,4,SKU-2002,空气炸锅,家居,445.05,1,445.05
ORD-20260223174559-00028,U184823,用户4823,M,北京市,北京市,通州区,RETURNING,L1,NORMAL,PAID,2025-12-17 03:20:02,2025-12-17 04:38:02,780.51,4,SKU-3001,洁面乳,美妆,91.81,2,183.62
ORD-20260223174559-00028,U184823,用户4823,M,北京市,北京市,通州区,RETURNING,L1,NORMAL,PAID,2025-12-17 03:20:02,2025-12-17 04:38:02,780.51,4,SKU-2001,电热水壶,家居,151.84,1,151.84
ORD-20260223174559-00029,U126129,用户6129,M,北京市,北京市,通州区,RETURNING,L1,GROUP,PAID,2025-12-28 22:39:56,2025-12-29 00:01:56,772.50,3,SKU-1002,蓝牙音箱,数码,257.50,3,772.50
ORD-20260223174559-00030,U128337,用户8337,M,江苏省,南京市,玄武区,RETURNING,L2,GROUP,PAID,2026-01-24 13:51:45,2026-01-24 16:48:45,214.70,2,SKU-4002,咖啡豆,食品,107.35,2,214.70
ORD-20260223174559-00031,U703089,用户3089,F,江苏省,苏州市,工业园区,RETURNING,L2,GROUP,PAID,2025-12-17 18:42:17,2025-12-17 20:24:17,92.63,1,SKU-3001,洁面乳,美妆,92.63,1,92.63
ORD-20260223174559-00032,U768202,用户8202,F,北京市,北京市,朝阳区,NEW,L2,GROUP,PAID,2025-12-22 20:48:32,2025-12-22 23:27:32,1178.38,4,SKU-2002,空气炸锅,家居,445.50,2,891.00
ORD-20260223174559-00032,U768202,用户8202,F,北京市,北京市,朝阳区,NEW,L2,GROUP,PAID,2025-12-22 20:48:32,2025-12-22 23:27:32,1178.38,4,SKU-2001,电热水壶,家居,143.69,2,287.38
ORD-20260223174559-00033,U871494,用户1494,M,江苏省,南京市,建邺区,RETURNING,L1,NORMAL,PAID,2026-02-11 02:56:57,2026-02-11 05:00:57,689.68,6,SKU-3002,面膜套装,美妆,126.42,1,126.42
ORD-20260223174559-00033,U871494,用户1494,M,江苏省,南京市,建邺区,RETURNING,L1,NORMAL,PAID,2026-02-11 02:56:57,2026-02-11 05:00:57,689.68,6,SKU-1002,蓝牙音箱,数码,199.66,1,199.66
ORD-20260223174559-00033,U871494,用户1494,M,江苏省,南京市,建邺区,RETURNING,L1,NORMAL,PAID,2026-02-11 02:56:57,2026-02-11 05:00:57,689.68,6,SKU-3001,洁面乳,美妆,90.90,4,363.60
ORD-20260223174559-00034,U262587,用户2587,M,四川省,成都市,高新区,RETURNING,L3,NORMAL,PAID,2026-02-13 10:56:08,2026-02-13 12:01:08,520.58,3,SKU-1001,无线耳机,数码,287.32,1,287.32
ORD-20260223174559-00034,U262587,用户2587,M,四川省,成都市,高新区,RETURNING,L3,NORMAL,PAID,2026-02-13 10:56:08,2026-02-13 12:01:08,520.58,3,SKU-3002,面膜套装,美妆,116.63,2,233.26
ORD-20260223174559-00035,U875194,用户5194,M,四川省,成都市,高新区,NEW,L2,GROUP,PLACED,2025-11-26 18:02:39,,1211.80,4,SKU-1001,无线耳机,数码,302.95,4,1211.80
ORD-20260223174559-00036,U326802,用户6802,F,四川省,成都市,武侯区,RETURNING,L2,GROUP,PAID,2026-01-11 06:09:49,2026-01-11 07:46:49,1648.30,8,SKU-4001,坚果礼盒,食品,87.58,4,350.32
ORD-20260223174559-00036,U326802,用户6802,F,四川省,成都市,武侯区,RETURNING,L2,GROUP,PAID,2026-01-11 06:09:49,2026-01-11 07:46:49,1648.30,8,SKU-1001,无线耳机,数码,351.45,2,702.90
ORD-20260223174559-00036,U326802,用户6802,F,四川省,成都市,武侯区,RETURNING,L2,GROUP,PAID,2026-01-11 06:09:49,2026-01-11 07:46:49,1648.30,8,SKU-1001,无线耳机,数码,297.54,2,595.08
ORD-20260223174559-00037,U447880,用户7880,M,广东省,深圳市,福田区,RETURNING,L1,NORMAL,PAID,2026-01-07 10:28:45,2026-01-07 11:07:45,1431.30,5,SKU-1003,智能手表,数码,482.10,2,964.20
ORD-20260223174559-00037,U447880,用户7880,M,广东省,深圳市,福田区,RETURNING,L1,NORMAL,PAID,2026-01-07 10:28:45,2026-01-07 11:07:45,1431.30,5,SKU-2001,电热水壶,家居,155.70,3,467.10
ORD-20260223174559-00038,U790309,用户0309,M,浙江省,宁波市,海曙区,RETURNING,L2,NORMAL,PAID,2026-01-11 16:15:46,2026-01-11 17:55:46,349.56,3,SKU-3002,面膜套装,美妆,116.52,3,349.56
ORD-20260223174559-00039,U149634,用户9634,M,四川省,成都市,锦江区,RETURNING,L1,GROUP,PAID,2026-01-20 08:44:25,2026-01-20 09:06:25,1154.80,4,SKU-1001,无线耳机,数码,288.70,4,1154.80
ORD-20260223174559-00040,U516496,用户6496,M,江苏省,苏州市,姑苏区,RETURNING,L1,GROUP,PAID,2026-02-14 04:48:26,2026-02-14 07:06:26,249.75,3,SKU-4001,坚果礼盒,食品,83.25,3,249.75
ORD-20260223174559-00041,U397474,用户7474,F,四川省,绵阳市,安州区,NEW,L2,NORMAL,PLACED,2026-01-20 18:54:57,,299.52,4,SKU-4001,坚果礼盒,食品,74.88,4,299.52
ORD-20260223174559-00042,U948677,用户8677,F,江苏省,南京市,建邺区,RETURNING,L2,NORMAL,PAID,2026-02-21 06:56:09,2026-02-21 09:27:09,1358.45,7,SKU-1002,蓝牙音箱,数码,193.12,2,386.24
ORD-20260223174559-00042,U948677,用户8677,F,江苏省,南京市,建邺区,RETURNING,L2,NORMAL,PAID,2026-02-21 06:56:09,2026-02-21 09:27:09,1358.45,7,SKU-1002,蓝牙音箱,数码,226.33,3,678.99
ORD-20260223174559-00042,U948677,用户8677,F,江苏省,南京市,建邺区,RETURNING,L2,NORMAL,PAID,2026-02-21 06:56:09,2026-02-21 09:27:09,1358.45,7,SKU-3002,面膜套装,美妆,146.61,2,293.22
ORD-20260223174559-00043,U391321,用户1321,M,江苏省,南京市,建邺区,RETURNING,L1,NORMAL,PLACED,2026-02-09 19:54:44,,394.92,4,SKU-3001,洁面乳,美妆,98.73,4,394.92
ORD-20260223174559-00044,U616093,用户6093,F,北京市,北京市,朝阳区,NEW,L2,NORMAL,PAID,2026-02-03 11:32:18,2026-02-03 12:01:18,877.52,3,SKU-2002,空气炸锅,家居,465.12,1,465.12
ORD-20260223174559-00044,U616093,用户6093,F,北京市,北京市,朝阳区,NEW,L2,NORMAL,PAID,2026-02-03 11:32:18,2026-02-03 12:01:18,877.52,3,SKU-1002,蓝牙音箱,数码,206.20,2,412.40
ORD-20260223174559-00045,U266738,用户6738,M,浙江省,宁波市,海曙区,NEW,L3,GROUP,PAID,2025-12-17 09:01:30,2025-12-17 11:44:30,2360.58,6,SKU-1001,无线耳机,数码,315.06,2,630.12
ORD-20260223174559-00045,U266738,用户6738,M,浙江省,宁波市,海曙区,NEW,L3,GROUP,PAID,2025-12-17 09:01:30,2025-12-17 11:44:30,2360.58,6,SKU-1003,智能手表,数码,583.77,2,1167.54
ORD-20260223174559-00045,U266738,用户6738,M,浙江省,宁波市,海曙区,NEW,L3,GROUP,PAID,2025-12-17 09:01:30,2025-12-17 11:44:30,2360.58,6,SKU-1001,无线耳机,数码,281.46,2,562.92
ORD-20260223174559-00046,U743747,用户3747,M,四川省,绵阳市,安州区,RETURNING,L1,GROUP,PAID,2026-02-12 15:57:58,2026-02-12 18:06:58,148.17,1,SKU-3002,面膜套装,美妆,148.17,1,148.17
ORD-20260223174559-00047,U233747,用户3747,M,北京市,北京市,通州区,NEW,L3,GROUP,PAID,2026-01-08 00:21:24,2026-01-08 01:33:24,1902.88,4,SKU-1003,智能手表,数码,475.72,4,1902.88
ORD-20260223174559-00048,U580195,用户0195,F,北京市,北京市,海淀区,RETURNING,L2,GROUP,PAID,2025-12-31 10:44:35,2025-12-31 13:07:35,455.41,5,SKU-4002,咖啡豆,食品,92.98,2,185.96
ORD-20260223174559-00048,U580195,用户0195,F,北京市,北京市,海淀区,RETURNING,L2,GROUP,PAID,2025-12-31 10:44:35,2025-12-31 13:07:35,455.41,5,SKU-4002,咖啡豆,食品,98.23,2,196.46
ORD-20260223174559-00048,U580195,用户0195,F,北京市,北京市,海淀区,RETURNING,L2,GROUP,PAID,2025-12-31 10:44:35,2025-12-31 13:07:35,455.41,5,SKU-4001,坚果礼盒,食品,72.99,1,72.99
ORD-20260223174559-00049,U326833,用户6833,F,广东省,广州市,海珠区,RETURNING,L1,GROUP,PAID,2025-12-14 21:45:12,2025-12-14 22:53:12,1795.28,7,SKU-2002,空气炸锅,家居,537.90,1,537.90
ORD-20260223174559-00049,U326833,用户6833,F,广东省,广州市,海珠区,RETURNING,L1,GROUP,PAID,2025-12-14 21:45:12,2025-12-14 22:53:12,1795.28,7,SKU-3002,面膜套装,美妆,114.55,2,229.10
ORD-20260223174559-00049,U326833,用户6833,F,广东省,广州市,海珠区,RETURNING,L1,GROUP,PAID,2025-12-14 21:45:12,2025-12-14 22:53:12,1795.28,7,SKU-1002,蓝牙音箱,数码,257.07,4,1028.28
ORD-20260223174559-00050,U726288,用户6288,M,广东省,深圳市,南山区,NEW,L1,GROUP,PAID,2025-11-26 09:28:02,2025-11-26 10:00:02,317.16,2,SKU-2001,电热水壶,家居,158.58,2,317.16
ORD-20260223174559-00051,U262999,用户2999,F,四川省,成都市,高新区,NEW,L1,NORMAL,PAID,2026-01-06 01:43:11,2026-01-06 03:05:11,476.49,1,SKU-2002,空气炸锅,家居,476.49,1,476.49
ORD-20260223174559-00052,U607790,用户7790,F,江苏省,苏州市,姑苏区,RETURNING,L1,GROUP,PAID,2025-12-03 00:22:49,2025-12-03 01:53:49,1319.27,5,SKU-1001,无线耳机,数码,274.51,3,823.53
ORD-20260223174559-00052,U607790,用户7790,F,江苏省,苏州市,姑苏区,RETURNING,L1,GROUP,PAID,2025-12-03 00:22:49,2025-12-03 01:53:49,1319.27,5,SKU-1002,蓝牙音箱,数码,247.87,2,495.74
ORD-20260223174559-00053,U959979,用户9979,M,江苏省,苏州市,姑苏区,RETURNING,L3,GROUP,PAID,2025-12-08 06:27:38,2025-12-08 06:44:38,619.79,6,SKU-3001,洁面乳,美妆,94.60,3,283.80
ORD-20260223174559-00053,U959979,用户9979,M,江苏省,苏州市,姑苏区,RETURNING,L3,GROUP,PAID,2025-12-08 06:27:38,2025-12-08 06:44:38,619.79,6,SKU-3001,洁面乳,美妆,101.99,2,203.98
ORD-20260223174559-00053,U959979,用户9979,M,江苏省,苏州市,姑苏区,RETURNING,L3,GROUP,PAID,2025-12-08 06:27:38,2025-12-08 06:44:38,619.79,6,SKU-2001,电热水壶,家居,132.01,1,132.01
ORD-20260223174559-00054,U728728,用户8728,F,江苏省,南京市,鼓楼区,NEW,L2,GROUP,PLACED,2026-01-29 12:45:48,,1238.61,6,SKU-4001,坚果礼盒,食品,71.37,3,214.11
ORD-20260223174559-00054,U728728,用户8728,F,江苏省,南京市,鼓楼区,NEW,L2,GROUP,PLACED,2026-01-29 12:45:48,,1238.61,6,SKU-1001,无线耳机,数码,341.50,3,1024.50
ORD-20260223174559-00055,U648154,用户8154,F,江苏省,苏州市,姑苏区,NEW,L1,NORMAL,PAID,2026-02-20 06:10:57,2026-02-20 07:46:57,2570.96,9,SKU-2002,空气炸锅,家居,434.97,4,1739.88
ORD-20260223174559-00055,U648154,用户8154,F,江苏省,苏州市,姑苏区,NEW,L1,NORMAL,PAID,2026-02-20 06:10:57,2026-02-20 07:46:57,2570.96,9,SKU-1001,无线耳机,数码,271.32,1,271.32
ORD-20260223174559-00055,U648154,用户8154,F,江苏省,苏州市,姑苏区,NEW,L1,NORMAL,PAID,2026-02-20 06:10:57,2026-02-20 07:46:57,2570.96,9,SKU-2001,电热水壶,家居,139.94,4,559.76
ORD-20260223174559-00056,U574183,用户4183,F,北京市,北京市,海淀区,NEW,L3,GROUP,PLACED,2026-01-13 06:16:00,,438.68,4,SKU-4002,咖啡豆,食品,109.67,4,438.68
ORD-20260223174559-00057,U507149,用户7149,M,北京市,北京市,海淀区,NEW,L3,GROUP,PAID,2026-01-09 09:32:27,2026-01-09 10:50:27,2442.20,8,SKU-2001,电热水壶,家居,143.44,3,430.32
ORD-20260223174559-00057,U507149,用户7149,M,北京市,北京市,海淀区,NEW,L3,GROUP,PAID,2026-01-09 09:32:27,2026-01-09 10:50:27,2442.20,8,SKU-3002,面膜套装,美妆,143.52,1,143.52
ORD-20260223174559-00057,U507149,用户7149,M,北京市,北京市,海淀区,NEW,L3,GROUP,PAID,2026-01-09 09:32:27,2026-01-09 10:50:27,2442.20,8,SKU-1003,智能手表,数码,467.09,4,1868.36
ORD-20260223174559-00058,U206134,用户6134,F,四川省,成都市,武侯区,RETURNING,L3,GROUP,PAID,2026-02-16 04:20:40,2026-02-16 05:40:40,1234.43,7,SKU-2001,电热水壶,家居,162.60,4,650.40
ORD-20260223174559-00058,U206134,用户6134,F,四川省,成都市,武侯区,RETURNING,L3,GROUP,PAID,2026-02-16 04:20:40,2026-02-16 05:40:40,1234.43,7,SKU-2002,空气炸锅,家居,417.07,1,417.07
ORD-20260223174559-00058,U206134,用户6134,F,四川省,成都市,武侯区,RETURNING,L3,GROUP,PAID,2026-02-16 04:20:40,2026-02-16 05:40:40,1234.43,7,SKU-3001,洁面乳,美妆,83.48,2,166.96
ORD-20260223174559-00059,U464411,用户4411,F,广东省,深圳市,宝安区,RETURNING,L1,GROUP,PAID,2025-12-13 21:04:56,2025-12-13 23:23:56,1063.36,4,SKU-1001,无线耳机,数码,265.84,4,1063.36
ORD-20260223174559-00060,U973103,用户3103,F,浙江省,宁波市,鄞州区,NEW,L1,GROUP,PAID,2026-01-14 04:08:59,2026-01-14 06:09:59,1130.59,3,SKU-1003,智能手表,数码,500.90,2,1001.80
ORD-20260223174559-00060,U973103,用户3103,F,浙江省,宁波市,鄞州区,NEW,L1,GROUP,PAID,2026-01-14 04:08:59,2026-01-14 06:09:59,1130.59,3,SKU-2001,电热水壶,家居,128.79,1,128.79
ORD-20260223174559-00061,U948192,用户8192,F,浙江省,宁波市,鄞州区,NEW,L2,GROUP,PAID,2025-12-16 05:35:35,2025-12-16 06:03:35,893.21,8,SKU-4001,坚果礼盒,食品,86.94,3,260.82
ORD-20260223174559-00061,U948192,用户8192,F,浙江省,宁波市,鄞州区,NEW,L2,GROUP,PAID,2025-12-16 05:35:35,2025-12-16 06:03:35,893.21,8,SKU-3002,面膜套装,美妆,118.72,4,474.88
ORD-20260223174559-00061,U948192,用户8192,F,浙江省,宁波市,鄞州区,NEW,L2,GROUP,PAID,2025-12-16 05:35:35,2025-12-16 06:03:35,893.21,8,SKU-2001,电热水壶,家居,157.51,1,157.51
ORD-20260223174559-00062,U112217,用户2217,M,北京市,北京市,海淀区,RETURNING,L1,NORMAL,PAID,2025-12-26 22:19:47,2025-12-26 23:18:47,1164.30,8,SKU-1002,蓝牙音箱,数码,199.26,2,398.52
ORD-20260223174559-00062,U112217,用户2217,M,北京市,北京市,海淀区,RETURNING,L1,NORMAL,PAID,2025-12-26 22:19:47,2025-12-26 23:18:47,1164.30,8,SKU-3001,洁面乳,美妆,81.49,2,162.98
ORD-20260223174559-00062,U112217,用户2217,M,北京市,北京市,海淀区,RETURNING,L1,NORMAL,PAID,2025-12-26 22:19:47,2025-12-26 23:18:47,1164.30,8,SKU-3002,面膜套装,美妆,150.70,4,602.80
ORD-20260223174559-00063,U747205,用户7205,M,广东省,广州市,海珠区,RETURNING,L1,GROUP,PAID,2026-01-26 13:54:06,2026-01-26 16:14:06,514.04,1,SKU-2002,空气炸锅,家居,514.04,1,514.04
ORD-20260223174559-00064,U856794,用户6794,F,四川省,成都市,武侯区,RETURNING,L2,GROUP,PAID,2025-12-29 07:44:50,2025-12-29 10:37:50,646.49,4,SKU-3001,洁面乳,美妆,80.74,3,242.22
ORD-20260223174559-00064,U856794,用户6794,F,四川省,成都市,武侯区,RETURNING,L2,GROUP,PAID,2025-12-29 07:44:50,2025-12-29 10:37:50,646.49,4,SKU-2002,空气炸锅,家居,404.27,1,404.27
ORD-20260223174559-00065,U625349,用户5349,M,广东省,深圳市,南山区,RETURNING,L2,NORMAL,PLACED,2026-02-12 02:44:31,,1822.71,6,SKU-2001,电热水壶,家居,148.27,3,444.81
ORD-20260223174559-00065,U625349,用户5349,M,广东省,深圳市,南山区,RETURNING,L2,NORMAL,PLACED,2026-02-12 02:44:31,,1822.71,6,SKU-2002,空气炸锅,家居,459.30,3,1377.90
ORD-20260223174559-00066,U405105,用户5105,M,北京市,北京市,海淀区,NEW,L1,NORMAL,PAID,2026-01-04 18:04:31,2026-01-04 20:19:31,879.06,6,SKU-4001,坚果礼盒,食品,92.12,3,276.36
ORD-20260223174559-00066,U405105,用户5105,M,北京市,北京市,海淀区,NEW,L1,NORMAL,PAID,2026-01-04 18:04:31,2026-01-04 20:19:31,879.06,6,SKU-1002,蓝牙音箱,数码,200.90,3,602.70
ORD-20260223174559-00067,U475020,用户5020,F,广东省,广州市,白云区,RETURNING,L1,GROUP,PAID,2026-01-13 21:27:02,2026-01-13 23:55:02,1628.24,10,SKU-4001,坚果礼盒,食品,92.54,2,185.08
ORD-20260223174559-00067,U475020,用户5020,F,广东省,广州市,白云区,RETURNING,L1,GROUP,PAID,2026-01-13 21:27:02,2026-01-13 23:55:02,1628.24,10,SKU-1002,蓝牙音箱,数码,226.19,4,904.76
ORD-20260223174559-00067,U475020,用户5020,F,广东省,广州市,白云区,RETURNING,L1,GROUP,PAID,2026-01-13 21:27:02,2026-01-13 23:55:02,1628.24,10,SKU-3002,面膜套装,美妆,134.60,4,538.40
ORD-20260223174559-00068,U980039,用户0039,M,北京市,北京市,海淀区,RETURNING,L2,GROUP,PAID,2026-01-08 19:28:33,2026-01-08 20:05:33,339.49,2,SKU-1002,蓝牙音箱,数码,251.69,1,251.69
ORD-20260223174559-00068,U980039,用户0039,M,北京市,北京市,海淀区,RETURNING,L2,GROUP,PAID,2026-01-08 19:28:33,2026-01-08 20:05:33,339.49,2,SKU-4001,坚果礼盒,食品,87.80,1,87.80
ORD-20260223174559-00069,U490594,用户0594,M,北京市,北京市,朝阳区,NEW,L2,NORMAL,PAID,2025-12-01 00:23:59,2025-12-01 02:12:59,93.46,1,SKU-4002,咖啡豆,食品,93.46,1,93.46
ORD-20260223174559-00070,U605976,用户5976,M,江苏省,南京市,鼓楼区,RETURNING,L2,NORMAL,PAID,2026-01-13 22:01:02,2026-01-13 22:21:02,1278.92,7,SKU-3002,面膜套装,美妆,128.09,4,512.36
ORD-20260223174559-00070,U605976,用户5976,M,江苏省,南京市,鼓楼区,RETURNING,L2,NORMAL,PAID,2026-01-13 22:01:02,2026-01-13 22:21:02,1278.92,7,SKU-1002,蓝牙音箱,数码,255.52,3,766.56
ORD-20260223174559-00071,U551353,用户1353,M,广东省,深圳市,南山区,RETURNING,L1,NORMAL,PLACED,2026-01-16 11:04:44,,1856.05,5,SKU-1003,智能手表,数码,455.51,2,911.02
ORD-20260223174559-00071,U551353,用户1353,M,广东省,深圳市,南山区,RETURNING,L1,NORMAL,PLACED,2026-01-16 11:04:44,,1856.05,5,SKU-1001,无线耳机,数码,315.01,3,945.03
ORD-20260223174559-00072,U379870,用户9870,F,浙江省,杭州市,余杭区,RETURNING,L1,GROUP,PAID,2026-02-01 22:25:17,2026-02-01 23:56:17,613.53,3,SKU-1002,蓝牙音箱,数码,204.51,3,613.53
ORD-20260223174559-00073,U813427,用户3427,F,北京市,北京市,朝阳区,RETURNING,L2,GROUP,PAID,2025-12-31 01:03:52,2025-12-31 01:09:52,2110.13,9,SKU-2001,电热水壶,家居,153.13,4,612.52
ORD-20260223174559-00073,U813427,用户3427,F,北京市,北京市,朝阳区,RETURNING,L2,GROUP,PAID,2025-12-31 01:03:52,2025-12-31 01:09:52,2110.13,9,SKU-4002,咖啡豆,食品,108.29,2,216.58
ORD-20260223174559-00073,U813427,用户3427,F,北京市,北京市,朝阳区,RETURNING,L2,GROUP,PAID,2025-12-31 01:03:52,2025-12-31 01:09:52,2110.13,9,SKU-2002,空气炸锅,家居,427.01,3,1281.03
ORD-20260223174559-00074,U183871,用户3871,F,北京市,北京市,海淀区,NEW,L3,GROUP,PAID,2025-12-17 01:15:09,2025-12-17 03:12:09,1862.10,8,SKU-1002,蓝牙音箱,数码,240.72,2,481.44
ORD-20260223174559-00074,U183871,用户3871,F,北京市,北京市,海淀区,NEW,L3,GROUP,PAID,2025-12-17 01:15:09,2025-12-17 03:12:09,1862.10,8,SKU-3001,洁面乳,美妆,84.34,4,337.36
ORD-20260223174559-00074,U183871,用户3871,F,北京市,北京市,海淀区,NEW,L3,GROUP,PAID,2025-12-17 01:15:09,2025-12-17 03:12:09,1862.10,8,SKU-2002,空气炸锅,家居,521.65,2,1043.30
ORD-20260223174559-00075,U110780,用户0780,M,四川省,绵阳市,游仙区,RETURNING,L2,NORMAL,PAID,2025-12-25 17:27:30,2025-12-25 19:26:30,3282.67,11,SKU-1003,智能手表,数码,575.07,4,2300.28
ORD-20260223174559-00075,U110780,用户0780,M,四川省,绵阳市,游仙区,RETURNING,L2,NORMAL,PAID,2025-12-25 17:27:30,2025-12-25 19:26:30,3282.67,11,SKU-2001,电热水壶,家居,159.01,4,636.04
ORD-20260223174559-00075,U110780,用户0780,M,四川省,绵阳市,游仙区,RETURNING,L2,NORMAL,PAID,2025-12-25 17:27:30,2025-12-25 19:26:30,3282.67,11,SKU-4002,咖啡豆,食品,115.45,3,346.35
ORD-20260223174559-00076,U802610,用户2610,M,四川省,绵阳市,游仙区,RETURNING,L1,NORMAL,PAID,2026-01-17 05:19:20,2026-01-17 08:11:20,1412.74,6,SKU-1001,无线耳机,数码,331.09,3,993.27
ORD-20260223174559-00076,U802610,用户2610,M,四川省,绵阳市,游仙区,RETURNING,L1,NORMAL,PAID,2026-01-17 05:19:20,2026-01-17 08:11:20,1412.74,6,SKU-4002,咖啡豆,食品,87.47,2,174.94
ORD-20260223174559-00076,U802610,用户2610,M,四川省,绵阳市,游仙区,RETURNING,L1,NORMAL,PAID,2026-01-17 05:19:20,2026-01-17 08:11:20,1412.74,6,SKU-1002,蓝牙音箱,数码,244.53,1,244.53
ORD-20260223174559-00077,U796363,用户6363,F,浙江省,宁波市,江北区,NEW,L2,NORMAL,PAID,2025-11-28 04:03:43,2025-11-28 05:46:43,2916.72,6,SKU-1003,智能手表,数码,475.72,3,1427.16
ORD-20260223174559-00077,U796363,用户6363,F,浙江省,宁波市,江北区,NEW,L2,NORMAL,PAID,2025-11-28 04:03:43,2025-11-28 05:46:43,2916.72,6,SKU-1003,智能手表,数码,496.52,3,1489.56
ORD-20260223174559-00078,U180779,用户0779,F,广东省,广州市,海珠区,RETURNING,L2,GROUP,PAID,2025-12-15 16:18:15,2025-12-15 16:24:15,1221.57,3,SKU-1003,智能手表,数码,543.59,2,1087.18
ORD-20260223174559-00078,U180779,用户0779,F,广东省,广州市,海珠区,RETURNING,L2,GROUP,PAID,2025-12-15 16:18:15,2025-12-15 16:24:15,1221.57,3,SKU-3002,面膜套装,美妆,134.39,1,134.39
ORD-20260223174559-00079,U700491,用户0491,F,广东省,深圳市,宝安区,NEW,L3,GROUP,PAID,2026-01-31 19:52:36,2026-01-31 21:05:36,1858.52,4,SKU-2002,空气炸锅,家居,464.63,4,1858.52
ORD-20260223174559-00080,U958448,用户8448,M,江苏省,苏州市,姑苏区,RETURNING,L1,GROUP,PAID,2025-12-19 22:10:41,2025-12-19 23:16:41,2440.63,7,SKU-1002,蓝牙音箱,数码,194.38,4,777.52
ORD-20260223174559-00080,U958448,用户8448,M,江苏省,苏州市,姑苏区,RETURNING,L1,GROUP,PAID,2025-12-19 22:10:41,2025-12-19 23:16:41,2440.63,7,SKU-1003,智能手表,数码,554.37,3,1663.11
ORD-20260223174559-00081,U844807,用户4807,F,北京市,北京市,朝阳区,RETURNING,L1,NORMAL,PAID,2026-01-19 17:45:47,2026-01-19 18:56:47,955.92,6,SKU-3001,洁面乳,美妆,103.61,3,310.83
ORD-20260223174559-00081,U844807,用户4807,F,北京市,北京市,朝阳区,RETURNING,L1,NORMAL,PAID,2026-01-19 17:45:47,2026-01-19 18:56:47,955.92,6,SKU-1002,蓝牙音箱,数码,215.03,3,645.09
ORD-20260223174559-00082,U457419,用户7419,M,北京市,北京市,通州区,RETURNING,L2,NORMAL,PAID,2026-01-05 14:10:16,2026-01-05 14:53:16,973.82,2,SKU-2002,空气炸锅,家居,486.91,2,973.82
ORD-20260223174559-00083,U971212,用户1212,M,四川省,绵阳市,游仙区,NEW,L2,NORMAL,PAID,2025-11-29 00:02:45,2025-11-29 00:54:45,1078.49,5,SKU-3002,面膜套装,美妆,121.61,1,121.61
ORD-20260223174559-00083,U971212,用户1212,M,四川省,绵阳市,游仙区,NEW,L2,NORMAL,PAID,2025-11-29 00:02:45,2025-11-29 00:54:45,1078.49,5,SKU-1002,蓝牙音箱,数码,239.22,4,956.88
ORD-20260223174559-00084,U225669,用户5669,F,浙江省,杭州市,滨江区,RETURNING,L3,GROUP,PAID,2026-01-30 12:33:38,2026-01-30 13:32:38,2870.14,6,SKU-1001,无线耳机,数码,265.35,2,530.70
ORD-20260223174559-00084,U225669,用户5669,F,浙江省,杭州市,滨江区,RETURNING,L3,GROUP,PAID,2026-01-30 12:33:38,2026-01-30 13:32:38,2870.14,6,SKU-1003,智能手表,数码,584.86,4,2339.44
ORD-20260223174559-00085,U812398,用户2398,F,广东省,广州市,白云区,NEW,L1,NORMAL,PAID,2025-12-24 11:38:53,2025-12-24 12:02:53,1625.49,8,SKU-3001,洁面乳,美妆,104.25,3,312.75
ORD-20260223174559-00085,U812398,用户2398,F,广东省,广州市,白云区,NEW,L1,NORMAL,PAID,2025-12-24 11:38:53,2025-12-24 12:02:53,1625.49,8,SKU-2001,电热水壶,家居,131.25,2,262.50
ORD-20260223174559-00085,U812398,用户2398,F,广东省,广州市,白云区,NEW,L1,NORMAL,PAID,2025-12-24 11:38:53,2025-12-24 12:02:53,1625.49,8,SKU-1001,无线耳机,数码,350.08,3,1050.24
ORD-20260223174559-00086,U545849,用户5849,M,北京市,北京市,海淀区,NEW,L3,NORMAL,PAID,2025-12-17 19:33:31,2025-12-17 20:07:31,976.18,2,SKU-2002,空气炸锅,家居,488.09,2,976.18
ORD-20260223174559-00087,U944626,用户4626,F,江苏省,南京市,玄武区,RETURNING,L1,GROUP,PLACED,2026-01-31 19:50:08,,1039.53,6,SKU-2002,空气炸锅,家居,511.19,1,511.19
ORD-20260223174559-00087,U944626,用户4626,F,江苏省,南京市,玄武区,RETURNING,L1,GROUP,PLACED,2026-01-31 19:50:08,,1039.53,6,SKU-4002,咖啡豆,食品,110.16,4,440.64
ORD-20260223174559-00087,U944626,用户4626,F,江苏省,南京市,玄武区,RETURNING,L1,GROUP,PLACED,2026-01-31 19:50:08,,1039.53,6,SKU-4001,坚果礼盒,食品,87.70,1,87.70
ORD-20260223174559-00088,U555046,用户5046,F,浙江省,杭州市,西湖区,RETURNING,L3,GROUP,PAID,2025-12-13 21:19:58,2025-12-13 22:16:58,2294.98,5,SKU-2002,空气炸锅,家居,487.53,4,1950.12
ORD-20260223174559-00088,U555046,用户5046,F,浙江省,杭州市,西湖区,RETURNING,L3,GROUP,PAID,2025-12-13 21:19:58,2025-12-13 22:16:58,2294.98,5,SKU-1001,无线耳机,数码,344.86,1,344.86
ORD-20260223174559-00089,U586482,用户6482,M,北京市,北京市,通州区,RETURNING,L1,GROUP,PAID,2026-01-24 21:30:51,2026-01-24 22:50:51,94.60,1,SKU-3001,洁面乳,美妆,94.60,1,94.60
ORD-20260223174559-00090,U191201,用户1201,M,北京市,北京市,通州区,NEW,L3,NORMAL,PAID,2026-02-16 18:24:22,2026-02-16 19:21:22,2126.12,4,SKU-1003,智能手表,数码,531.53,4,2126.12
ORD-20260223174559-00091,U478776,用户8776,M,北京市,北京市,通州区,RETURNING,L3,GROUP,PAID,2025-11-30 19:57:54,2025-11-30 20:35:54,1936.31,7,SKU-3002,面膜套装,美妆,124.84,3,374.52
ORD-20260223174559-00091,U478776,用户8776,M,北京市,北京市,通州区,RETURNING,L3,GROUP,PAID,2025-11-30 19:57:54,2025-11-30 20:35:54,1936.31,7,SKU-1001,无线耳机,数码,342.83,3,1028.49
ORD-20260223174559-00091,U478776,用户8776,M,北京市,北京市,通州区,RETURNING,L3,GROUP,PAID,2025-11-30 19:57:54,2025-11-30 20:35:54,1936.31,7,SKU-1003,智能手表,数码,533.30,1,533.30
ORD-20260223174559-00092,U821415,用户1415,M,北京市,北京市,朝阳区,RETURNING,L2,GROUP,PAID,2025-12-25 02:44:50,2025-12-25 05:39:50,1170.06,4,SKU-2002,空气炸锅,家居,445.86,2,891.72
ORD-20260223174559-00092,U821415,用户1415,M,北京市,北京市,朝阳区,RETURNING,L2,GROUP,PAID,2025-12-25 02:44:50,2025-12-25 05:39:50,1170.06,4,SKU-2001,电热水壶,家居,139.17,2,278.34
ORD-20260223174559-00093,U492059,用户2059,M,江苏省,南京市,鼓楼区,RETURNING,L2,NORMAL,PLACED,2026-01-31 08:06:52,,2310.73,6,SKU-1003,智能手表,数码,447.86,3,1343.58
ORD-20260223174559-00093,U492059,用户2059,M,江苏省,南京市,鼓楼区,RETURNING,L2,NORMAL,PLACED,2026-01-31 08:06:52,,2310.73,6,SKU-1003,智能手表,数码,505.19,1,505.19
ORD-20260223174559-00093,U492059,用户2059,M,江苏省,南京市,鼓楼区,RETURNING,L2,NORMAL,PLACED,2026-01-31 08:06:52,,2310.73,6,SKU-1002,蓝牙音箱,数码,230.98,2,461.96
ORD-20260223174559-00094,U610112,用户0112,M,四川省,成都市,武侯区,NEW,L2,GROUP,PAID,2025-12-06 13:09:01,2025-12-06 14:13:01,3182.88,11,SKU-1001,无线耳机,数码,329.64,4,1318.56
ORD-20260223174559-00094,U610112,用户0112,M,四川省,成都市,武侯区,NEW,L2,GROUP,PAID,2025-12-06 13:09:01,2025-12-06 14:13:01,3182.88,11,SKU-4001,坚果礼盒,食品,86.46,4,345.84
ORD-20260223174559-00094,U610112,用户0112,M,四川省,成都市,武侯区,NEW,L2,GROUP,PAID,2025-12-06 13:09:01,2025-12-06 14:13:01,3182.88,11,SKU-2002,空气炸锅,家居,506.16,3,1518.48
ORD-20260223174559-00095,U302666,用户2666,M,江苏省,南京市,鼓楼区,RETURNING,L1,NORMAL,PAID,2026-02-02 00:54:04,2026-02-02 02:34:04,2847.68,9,SKU-4001,坚果礼盒,食品,75.04,4,300.16
ORD-20260223174559-00095,U302666,用户2666,M,江苏省,南京市,鼓楼区,RETURNING,L1,NORMAL,PAID,2026-02-02 00:54:04,2026-02-02 02:34:04,2847.68,9,SKU-1002,蓝牙音箱,数码,200.36,1,200.36
ORD-20260223174559-00095,U302666,用户2666,M,江苏省,南京市,鼓楼区,RETURNING,L1,NORMAL,PAID,2026-02-02 00:54:04,2026-02-02 02:34:04,2847.68,9,SKU-1003,智能手表,数码,586.79,4,2347.16
ORD-20260223174559-00096,U975187,用户5187,F,北京市,北京市,海淀区,RETURNING,L2,NORMAL,PAID,2026-01-05 02:10:07,2026-01-05 03:21:07,150.44,1,SKU-3002,面膜套装,美妆,150.44,1,150.44
ORD-20260223174559-00097,U856395,用户6395,M,浙江省,宁波市,鄞州区,NEW,L1,GROUP,PAID,2025-12-19 08:45:27,2025-12-19 09:04:27,1993.56,7,SKU-2001,电热水壶,家居,136.11,4,544.44
ORD-20260223174559-00097,U856395,用户6395,M,浙江省,宁波市,鄞州区,NEW,L1,GROUP,PAID,2025-12-19 08:45:27,2025-12-19 09:04:27,1993.56,7,SKU-2002,空气炸锅,家居,483.04,3,1449.12
ORD-20260223174559-00098,U484943,用户4943,F,广东省,广州市,天河区,RETURNING,L1,NORMAL,PAID,2026-01-07 04:33:01,2026-01-07 05:55:01,1342.12,4,SKU-2001,电热水壶,家居,153.75,2,307.50
ORD-20260223174559-00098,U484943,用户4943,F,广东省,广州市,天河区,RETURNING,L1,NORMAL,PAID,2026-01-07 04:33:01,2026-01-07 05:55:01,1342.12,4,SKU-1003,智能手表,数码,517.31,2,1034.62
ORD-20260223174559-00099,U302372,用户2372,M,四川省,成都市,高新区,RETURNING,L3,NORMAL,PAID,2026-02-23 10:41:30,2026-02-23 12:38:30,1064.64,2,SKU-2002,空气炸锅,家居,532.32,2,1064.64
ORD-20260223174559-00100,U274184,用户4184,M,浙江省,宁波市,鄞州区,RETURNING,L1,GROUP,PAID,2026-01-29 04:35:40,2026-01-29 06:51:40,112.15,1,SKU-4002,咖啡豆,食品,112.15,1,112.15
ORD-20260223174559-00101,U814125,用户4125,F,北京市,北京市,海淀区,RETURNING,L2,NORMAL,PLACED,2026-02-16 09:34:33,,1035.80,2,SKU-1003,智能手表,数码,517.90,2,1035.80
ORD-20260223174559-00102,U886006,用户6006,F,四川省,绵阳市,涪城区,RETURNING,L2,GROUP,PAID,2026-01-15 21:49:07,2026-01-15 23:21:07,2156.01,9,SKU-4001,坚果礼盒,食品,79.11,4,316.44
ORD-20260223174559-00102,U886006,用户6006,F,四川省,绵阳市,涪城区,RETURNING,L2,GROUP,PAID,2026-01-15 21:49:07,2026-01-15 23:21:07,2156.01,9,SKU-2002,空气炸锅,家居,484.37,3,1453.11
ORD-20260223174559-00102,U886006,用户6006,F,四川省,绵阳市,涪城区,RETURNING,L2,GROUP,PAID,2026-01-15 21:49:07,2026-01-15 23:21:07,2156.01,9,SKU-1002,蓝牙音箱,数码,193.23,2,386.46
ORD-20260223174559-00103,U925040,用户5040,F,浙江省,宁波市,海曙区,RETURNING,L1,NORMAL,PAID,2026-02-10 18:19:41,2026-02-10 20:35:41,294.05,1,SKU-1001,无线耳机,数码,294.05,1,294.05
ORD-20260223174559-00104,U996223,用户6223,M,浙江省,宁波市,鄞州区,NEW,L1,NORMAL,PLACED,2026-01-29 10:22:55,,487.17,5,SKU-3001,洁面乳,美妆,92.91,2,185.82
ORD-20260223174559-00104,U996223,用户6223,M,浙江省,宁波市,鄞州区,NEW,L1,NORMAL,PLACED,2026-01-29 10:22:55,,487.17,5,SKU-4002,咖啡豆,食品,100.45,3,301.35
ORD-20260223174559-00105,U553395,用户3395,M,浙江省,宁波市,江北区,NEW,L2,GROUP,PAID,2025-12-31 21:36:39,2026-01-01 00:09:39,224.61,3,SKU-4001,坚果礼盒,食品,74.87,3,224.61
ORD-20260223174559-00106,U363025,用户3025,M,江苏省,南京市,建邺区,RETURNING,L1,NORMAL,PAID,2026-01-21 12:07:12,2026-01-21 13:07:12,398.04,3,SKU-3002,面膜套装,美妆,132.68,3,398.04
ORD-20260223174559-00107,U110503,用户0503,F,浙江省,宁波市,海曙区,RETURNING,L2,GROUP,PAID,2026-02-10 11:39:08,2026-02-10 14:37:08,408.60,3,SKU-3002,面膜套装,美妆,136.20,3,408.60
ORD-20260223174559-00108,U220033,用户0033,M,江苏省,苏州市,工业园区,NEW,L2,GROUP,PAID,2026-02-14 21:54:41,2026-02-15 00:29:41,279.03,2,SKU-1002,蓝牙音箱,数码,198.08,1,198.08
ORD-20260223174559-00108,U220033,用户0033,M,江苏省,苏州市,工业园区,NEW,L2,GROUP,PAID,2026-02-14 21:54:41,2026-02-15 00:29:41,279.03,2,SKU-3001,洁面乳,美妆,80.95,1,80.95
ORD-20260223174559-00109,U578803,用户8803,M,江苏省,南京市,建邺区,RETURNING,L1,NORMAL,PAID,2026-02-11 12:17:59,2026-02-11 14:15:59,2461.25,9,SKU-1003,智能手表,数码,498.16,4,1992.64
ORD-20260223174559-00109,U578803,用户8803,M,江苏省,南京市,建邺区,RETURNING,L1,NORMAL,PAID,2026-02-11 12:17:59,2026-02-11 14:15:59,2461.25,9,SKU-3001,洁面乳,美妆,87.55,3,262.65
ORD-20260223174559-00109,U578803,用户8803,M,江苏省,南京市,建邺区,RETURNING,L1,NORMAL,PAID,2026-02-11 12:17:59,2026-02-11 14:15:59,2461.25,9,SKU-4002,咖啡豆,食品,102.98,2,205.96
ORD-20260223174559-00110,U853208,用户3208,F,江苏省,南京市,鼓楼区,NEW,L2,GROUP,PAID,2026-01-29 10:05:37,2026-01-29 11:36:37,193.42,1,SKU-1002,蓝牙音箱,数码,193.42,1,193.42
ORD-20260223174559-00111,U228063,用户8063,M,四川省,绵阳市,涪城区,RETURNING,L3,GROUP,PAID,2026-01-07 05:21:26,2026-01-07 06:54:26,131.75,1,SKU-2001,电热水壶,家居,131.75,1,131.75
ORD-20260223174559-00112,U243639,用户3639,F,浙江省,杭州市,余杭区,RETURNING,L1,NORMAL,PAID,2025-12-23 03:17:08,2025-12-23 04:54:08,1575.80,6,SKU-1001,无线耳机,数码,299.53,2,599.06
ORD-20260223174559-00112,U243639,用户3639,F,浙江省,杭州市,余杭区,RETURNING,L1,NORMAL,PAID,2025-12-23 03:17:08,2025-12-23 04:54:08,1575.80,6,SKU-3001,洁面乳,美妆,98.25,1,98.25
ORD-20260223174559-00112,U243639,用户3639,F,浙江省,杭州市,余杭区,RETURNING,L1,NORMAL,PAID,2025-12-23 03:17:08,2025-12-23 04:54:08,1575.80,6,SKU-1001,无线耳机,数码,292.83,3,878.49
ORD-20260223174559-00113,U334720,用户4720,F,广东省,深圳市,福田区,RETURNING,L1,NORMAL,PAID,2025-12-16 18:38:16,2025-12-16 20:33:16,513.31,5,SKU-4002,咖啡豆,食品,107.62,4,430.48
ORD-20260223174559-00113,U334720,用户4720,F,广东省,深圳市,福田区,RETURNING,L1,NORMAL,PAID,2025-12-16 18:38:16,2025-12-16 20:33:16,513.31,5,SKU-3001,洁面乳,美妆,82.83,1,82.83
ORD-20260223174559-00114,U208181,用户8181,M,浙江省,宁波市,江北区,RETURNING,L2,GROUP,PAID,2025-12-29 22:58:39,2025-12-30 00:27:39,1579.52,6,SKU-2002,空气炸锅,家居,466.48,1,466.48
ORD-20260223174559-00114,U208181,用户8181,M,浙江省,宁波市,江北区,RETURNING,L2,GROUP,PAID,2025-12-29 22:58:39,2025-12-30 00:27:39,1579.52,6,SKU-3002,面膜套装,美妆,143.30,4,573.20
ORD-20260223174559-00114,U208181,用户8181,M,浙江省,宁波市,江北区,RETURNING,L2,GROUP,PAID,2025-12-29 22:58:39,2025-12-30 00:27:39,1579.52,6,SKU-2002,空气炸锅,家居,539.84,1,539.84
ORD-20260223174559-00115,U544552,用户4552,M,广东省,深圳市,福田区,RETURNING,L1,GROUP,PAID,2025-12-10 01:41:16,2025-12-10 02:36:16,1720.74,7,SKU-2001,电热水壶,家居,158.17,4,632.68
ORD-20260223174559-00115,U544552,用户4552,M,广东省,深圳市,福田区,RETURNING,L1,GROUP,PAID,2025-12-10 01:41:16,2025-12-10 02:36:16,1720.74,7,SKU-1003,智能手表,数码,493.40,2,986.80
ORD-20260223174559-00115,U544552,用户4552,M,广东省,深圳市,福田区,RETURNING,L1,GROUP,PAID,2025-12-10 01:41:16,2025-12-10 02:36:16,1720.74,7,SKU-4002,咖啡豆,食品,101.26,1,101.26
ORD-20260223174559-00116,U991893,用户1893,F,江苏省,苏州市,姑苏区,NEW,L1,GROUP,PAID,2026-02-18 04:16:57,2026-02-18 04:44:57,2001.42,5,SKU-1003,智能手表,数码,474.30,4,1897.20
ORD-20260223174559-00116,U991893,用户1893,F,江苏省,苏州市,姑苏区,NEW,L1,GROUP,PAID,2026-02-18 04:16:57,2026-02-18 04:44:57,2001.42,5,SKU-4002,咖啡豆,食品,104.22,1,104.22
ORD-20260223174559-00117,U561992,用户1992,F,四川省,绵阳市,安州区,RETURNING,L1,NORMAL,PLACED,2025-12-02 23:29:35,,2275.34,8,SKU-4002,咖啡豆,食品,99.66,2,199.32
ORD-20260223174559-00117,U561992,用户1992,F,四川省,绵阳市,安州区,RETURNING,L1,NORMAL,PLACED,2025-12-02 23:29:35,,2275.34,8,SKU-1003,智能手表,数码,439.99,4,1759.96
ORD-20260223174559-00117,U561992,用户1992,F,四川省,绵阳市,安州区,RETURNING,L1,NORMAL,PLACED,2025-12-02 23:29:35,,2275.34,8,SKU-2001,电热水壶,家居,158.03,2,316.06
ORD-20260223174559-00118,U267180,用户7180,F,浙江省,杭州市,西湖区,RETURNING,L1,NORMAL,PLACED,2025-12-18 20:55:07,,441.96,5,SKU-3001,洁面乳,美妆,89.02,3,267.06
ORD-20260223174559-00118,U267180,用户7180,F,浙江省,杭州市,西湖区,RETURNING,L1,NORMAL,PLACED,2025-12-18 20:55:07,,441.96,5,SKU-4002,咖啡豆,食品,87.45,2,174.90
ORD-20260223174559-00119,U918423,用户8423,M,广东省,广州市,白云区,RETURNING,L2,GROUP,PAID,2026-02-07 11:46:36,2026-02-07 12:01:36,2086.48,10,SKU-2001,电热水壶,家居,150.96,2,301.92
ORD-20260223174559-00119,U918423,用户8423,M,广东省,广州市,白云区,RETURNING,L2,GROUP,PAID,2026-02-07 11:46:36,2026-02-07 12:01:36,2086.48,10,SKU-1001,无线耳机,数码,290.49,4,1161.96
ORD-20260223174559-00119,U918423,用户8423,M,广东省,广州市,白云区,RETURNING,L2,GROUP,PAID,2026-02-07 11:46:36,2026-02-07 12:01:36,2086.48,10,SKU-2001,电热水壶,家居,155.65,4,622.60
ORD-20260223174559-00120,U183589,用户3589,F,浙江省,宁波市,海曙区,RETURNING,L2,GROUP,PAID,2025-12-01 18:42:49,2025-12-01 20:05:49,1861.96,4,SKU-2002,空气炸锅,家居,465.49,4,1861.96
